Mã_Mẫu,Nhóm,Số_Hạt_Nguyên,Trạng_Thái,Đã_Có_Ảnh_Gốc,Đã_Tạo_Folder
M001A,M001,7,ĐẠT CHUẨN (7 HẠT),Có,Có
M001B,M001,5,ĐẠT CHUẨN (5 HẠT),Có,Có
M001C,M001,5,ĐẠT CHUẨN (5 HẠT),Có,Có
M001D,M001,5,ĐẠT CHUẨN (5 HẠT),Có,Có
M001E,M001,4,ĐẠT CHUẨN (4 HẠT),Có,Có
M002A,M002,4,ĐẠT CHUẨN (4 HẠT),Có,Có
M002B,M002,5,ĐẠT CHUẨN (5 HẠT),Có,Có
M002C,M002,8,ĐẠT CHUẨN (8 HẠT),Có,Có
M002D,M002,6,ĐẠT CHUẨN (6 HẠT),Có,Có
M002E,M002,9,ĐẠT CHUẨN (9 HẠT),Có,Có
M003A,M003,6,ĐẠT CHUẨN (6 HẠT),Có,Có
M003B,M003,8,ĐẠT CHUẨN (8 HẠT),Có,Có
M003C,M003,4,ĐẠT CHUẨN (4 HẠT),Có,Có
M003D,M003,4,ĐẠT CHUẨN (4 HẠT),Có,Có
M003E,M003,4,ĐẠT CHUẨN (4 HẠT),Có,Có
M004A,M004,8,ĐẠT CHUẨN (8 HẠT),Có,Có
M004B,M004,9,ĐẠT CHUẨN (9 HẠT),Có,Có
M004C,M004,9,ĐẠT CHUẨN (9 HẠT),Có,Có
M004D,M004,7,ĐẠT CHUẨN (7 HẠT),Có,Có
M004E,M004,9,ĐẠT CHUẨN (9 HẠT),Có,Có
M005A,M005,9,ĐẠT CHUẨN (9 HẠT),Có,Có
M005B,M005,8,ĐẠT CHUẨN (8 HẠT),Có,Có
M005C,M005,9,ĐẠT CHUẨN (9 HẠT),Có,Có
M005D,M005,10,ĐẠT CHUẨN (10 HẠT),Có,Có
M005E,M005,11,ĐẠT CHUẨN (11 HẠT),Có,Có
M005F,M005,0,CHƯA BÓC TÁCH,Có,Chưa
M006A,M006,9,ĐẠT CHUẨN (9 HẠT),Có,Có
M006B,M006,12,ĐẠT CHUẨN (12 HẠT),Có,Có
M006C,M006,6,ĐẠT CHUẨN (6 HẠT),Có,Có
M006D,M006,7,ĐẠT CHUẨN (7 HẠT),Có,Có
M006E,M006,10,ĐẠT CHUẨN (10 HẠT),Có,Có
M006F,M006,0,CHƯA BÓC TÁCH,Có,Chưa
M007A,M007,2,ÍT HẠT (2 HẠT - CẦN LƯU Ý),Có,Có
M007B,M007,3,ĐẠT CHUẨN (3 HẠT),Có,Có
M007C,M007,2,ÍT HẠT (2 HẠT - CẦN LƯU Ý),Có,Có
M007D,M007,4,ĐẠT CHUẨN (4 HẠT),Có,Có
M007E,M007,3,ĐẠT CHUẨN (3 HẠT),Có,Có
M008A,M008,3,ĐẠT CHUẨN (3 HẠT),Có,Có
M008B,M008,6,ĐẠT CHUẨN (6 HẠT),Có,Có
M008C,M008,6,ĐẠT CHUẨN (6 HẠT),Có,Có
M008D,M008,5,ĐẠT CHUẨN (5 HẠT),Có,Có
M008E,M008,3,ĐẠT CHUẨN (3 HẠT),Có,Có
M009A,M009,3,ĐẠT CHUẨN (3 HẠT),Có,Có
M009B,M009,8,ĐẠT CHUẨN (8 HẠT),Có,Có
M009C,M009,4,ĐẠT CHUẨN (4 HẠT),Có,Có
M009D,M009,2,ÍT HẠT (2 HẠT - CẦN LƯU Ý),Có,Có
M009E,M009,4,ĐẠT CHUẨN (4 HẠT),Có,Có
M010A,M010,6,ĐẠT CHUẨN (6 HẠT),Có,Có
M010B,M010,5,ĐẠT CHUẨN (5 HẠT),Có,Có
M010C,M010,6,ĐẠT CHUẨN (6 HẠT),Có,Có
M010D,M010,5,ĐẠT CHUẨN (5 HẠT),Có,Có
M010E,M010,3,ĐẠT CHUẨN (3 HẠT),Có,Có
M011A,M011,8,ĐẠT CHUẨN (8 HẠT),Có,Có
M011B,M011,5,ĐẠT CHUẨN (5 HẠT),Có,Có
M011C,M011,3,ĐẠT CHUẨN (3 HẠT),Có,Có
M011D,M011,3,ĐẠT CHUẨN (3 HẠT),Có,Có
M011E,M011,6,ĐẠT CHUẨN (6 HẠT),Có,Có
M011F,M011,0,CHƯA BÓC TÁCH,Có,Chưa
M012A,M012,5,ĐẠT CHUẨN (5 HẠT),Có,Có
M012B,M012,5,ĐẠT CHUẨN (5 HẠT),Có,Có
M012C,M012,4,ĐẠT CHUẨN (4 HẠT),Có,Có
M012D,M012,3,ĐẠT CHUẨN (3 HẠT),Có,Có
M012E,M012,4,ĐẠT CHUẨN (4 HẠT),Có,Có
M013A,M013,4,ĐẠT CHUẨN (4 HẠT),Có,Có
M013B,M013,10,ĐẠT CHUẨN (10 HẠT),Có,Có
M013C,M013,3,ĐẠT CHUẨN (3 HẠT),Có,Có
M013D,M013,5,ĐẠT CHUẨN (5 HẠT),Có,Có
M013E,M013,3,ĐẠT CHUẨN (3 HẠT),Có,Có
M014A,M014,7,ĐẠT CHUẨN (7 HẠT),Có,Có
M014B,M014,7,ĐẠT CHUẨN (7 HẠT),Có,Có
M014C,M014,10,ĐẠT CHUẨN (10 HẠT),Có,Có
M014D,M014,6,ĐẠT CHUẨN (6 HẠT),Có,Có
M014E,M014,6,ĐẠT CHUẨN (6 HẠT),Có,Có
M015A,M015,4,ĐẠT CHUẨN (4 HẠT),Có,Có
M015B,M015,1,ÍT HẠT (1 HẠT - CẦN LƯU Ý),Có,Có
M015C,M015,2,ÍT HẠT (2 HẠT - CẦN LƯU Ý),Có,Có
M015D,M015,3,ĐẠT CHUẨN (3 HẠT),Có,Có
M015E,M015,4,ĐẠT CHUẨN (4 HẠT),Có,Có
M016A,M016,7,ĐẠT CHUẨN (7 HẠT),Có,Có
M016B,M016,6,ĐẠT CHUẨN (6 HẠT),Có,Có
M016C,M016,1,ÍT HẠT (1 HẠT - CẦN LƯU Ý),Có,Có
M016D,M016,6,ĐẠT CHUẨN (6 HẠT),Có,Có
M016E,M016,5,ĐẠT CHUẨN (5 HẠT),Có,Có
M017A,M017,5,ĐẠT CHUẨN (5 HẠT),Có,Có
M017B,M017,7,ĐẠT CHUẨN (7 HẠT),Có,Có
M017C,M017,5,ĐẠT CHUẨN (5 HẠT),Có,Có
M017D,M017,2,ÍT HẠT (2 HẠT - CẦN LƯU Ý),Có,Có
M017E,M017,0,CHƯA BÓC TÁCH,Có,Chưa
M017F,M017,0,CHƯA BÓC TÁCH,Có,Chưa
M018A,M018,5,ĐẠT CHUẨN (5 HẠT),Có,Có
M018B,M018,8,ĐẠT CHUẨN (8 HẠT),Có,Có
M018C,M018,5,ĐẠT CHUẨN (5 HẠT),Có,Có
M018D,M018,7,ĐẠT CHUẨN (7 HẠT),Có,Có
M018E,M018,7,ĐẠT CHUẨN (7 HẠT),Có,Có
M019A,M019,4,ĐẠT CHUẨN (4 HẠT),Có,Có
M019B,M019,6,ĐẠT CHUẨN (6 HẠT),Có,Có
M019C,M019,1,ÍT HẠT (1 HẠT - CẦN LƯU Ý),Có,Có
M019D,M019,9,ĐẠT CHUẨN (9 HẠT),Có,Có
M019E,M019,2,ÍT HẠT (2 HẠT - CẦN LƯU Ý),Có,Có
M020A,M020,10,ĐẠT CHUẨN (10 HẠT),Có,Có
M020B,M020,4,ĐẠT CHUẨN (4 HẠT),Có,Có
M020C,M020,8,ĐẠT CHUẨN (8 HẠT),Có,Có
M020D,M020,7,ĐẠT CHUẨN (7 HẠT),Có,Có
M020E,M020,8,ĐẠT CHUẨN (8 HẠT),Có,Có
M021A,M021,5,ĐẠT CHUẨN (5 HẠT),Có,Có
M021B,M021,7,ĐẠT CHUẨN (7 HẠT),Có,Có
M021C,M021,1,ÍT HẠT (1 HẠT - CẦN LƯU Ý),Có,Có
M021D,M021,5,ĐẠT CHUẨN (5 HẠT),Có,Có
M021E,M021,2,ÍT HẠT (2 HẠT - CẦN LƯU Ý),Có,Có
M021F,M021,0,CHƯA BÓC TÁCH,Có,Chưa
M022A,M022,4,ĐẠT CHUẨN (4 HẠT),Có,Có
M022B,M022,7,ĐẠT CHUẨN (7 HẠT),Có,Có
M022C,M022,7,ĐẠT CHUẨN (7 HẠT),Có,Có
M022D,M022,3,ĐẠT CHUẨN (3 HẠT),Có,Có
M022E,M022,7,ĐẠT CHUẨN (7 HẠT),Có,Có
M023A,M023,8,ĐẠT CHUẨN (8 HẠT),Có,Có
M023B,M023,8,ĐẠT CHUẨN (8 HẠT),Có,Có
M023C,M023,5,ĐẠT CHUẨN (5 HẠT),Có,Có
M023D,M023,6,ĐẠT CHUẨN (6 HẠT),Có,Có
M023E,M023,5,ĐẠT CHUẨN (5 HẠT),Có,Có
M024A,M024,10,ĐẠT CHUẨN (10 HẠT),Có,Có
M024B,M024,8,ĐẠT CHUẨN (8 HẠT),Có,Có
M024C,M024,12,ĐẠT CHUẨN (12 HẠT),Có,Có
M024D,M024,6,ĐẠT CHUẨN (6 HẠT),Có,Có
M024E,M024,6,ĐẠT CHUẨN (6 HẠT),Có,Có
M025A,M025,7,ĐẠT CHUẨN (7 HẠT),Có,Có
M025B,M025,6,ĐẠT CHUẨN (6 HẠT),Có,Có
M025C,M025,0,CHƯA CÓ ẢNH THÔ,Chưa,Chưa
M025D,M025,0,CHƯA CÓ ẢNH THÔ,Chưa,Chưa
M025E,M025,0,CHƯA CÓ ẢNH THÔ,Chưa,Chưa
M026A,M026,8,ĐẠT CHUẨN (8 HẠT),Có,Có
M026B,M026,11,ĐẠT CHUẨN (11 HẠT),Có,Có
M026C,M026,0,CHƯA CÓ ẢNH THÔ,Chưa,Chưa
M026D,M026,0,CHƯA CÓ ẢNH THÔ,Chưa,Chưa
M026E,M026,0,CHƯA CÓ ẢNH THÔ,Chưa,Chưa
M027A,M027,13,ĐẠT CHUẨN (13 HẠT),Có,Có
M027B,M027,11,ĐẠT CHUẨN (11 HẠT),Có,Có
M027C,M027,9,ĐẠT CHUẨN (9 HẠT),Có,Có
M027D,M027,0,CHƯA CÓ ẢNH THÔ,Chưa,Chưa
M027E,M027,0,CHƯA CÓ ẢNH THÔ,Chưa,Chưa
M028A,M028,10,ĐẠT CHUẨN (10 HẠT),Có,Có
M028B,M028,13,ĐẠT CHUẨN (13 HẠT),Có,Có
M028C,M028,13,ĐẠT CHUẨN (13 HẠT),Có,Có
M028D,M028,8,ĐẠT CHUẨN (8 HẠT),Có,Có
M028E,M028,7,ĐẠT CHUẨN (7 HẠT),Có,Có
M029A,M029,10,ĐẠT CHUẨN (10 HẠT),Có,Có
M029B,M029,16,ĐẠT CHUẨN (16 HẠT),Có,Có
M029C,M029,13,ĐẠT CHUẨN (13 HẠT),Có,Có
M029D,M029,10,ĐẠT CHUẨN (10 HẠT),Có,Có
M029E,M029,13,ĐẠT CHUẨN (13 HẠT),Có,Có
M030A,M030,12,ĐẠT CHUẨN (12 HẠT),Có,Có
M030B,M030,9,ĐẠT CHUẨN (9 HẠT),Có,Có
M030C,M030,0,CHƯA CÓ ẢNH THÔ,Chưa,Chưa
M030D,M030,0,CHƯA CÓ ẢNH THÔ,Chưa,Chưa
M030E,M030,0,CHƯA CÓ ẢNH THÔ,Chưa,Chưa
M031A,M031,11,ĐẠT CHUẨN (11 HẠT),Có,Có
M031B,M031,9,ĐẠT CHUẨN (9 HẠT),Có,Có
M031C,M031,0,CHƯA CÓ ẢNH THÔ,Chưa,Chưa
M031D,M031,0,CHƯA CÓ ẢNH THÔ,Chưa,Chưa
M031E,M031,0,CHƯA CÓ ẢNH THÔ,Chưa,Chưa
M032A,M032,7,ĐẠT CHUẨN (7 HẠT),Có,Có
M032B,M032,10,ĐẠT CHUẨN (10 HẠT),Có,Có
M032C,M032,0,CHƯA CÓ ẢNH THÔ,Chưa,Chưa
M032D,M032,0,CHƯA CÓ ẢNH THÔ,Chưa,Chưa
M032E,M032,0,CHƯA CÓ ẢNH THÔ,Chưa,Chưa
M033A,M033,15,ĐẠT CHUẨN (15 HẠT),Có,Có
M033B,M033,12,ĐẠT CHUẨN (12 HẠT),Có,Có
M033C,M033,12,ĐẠT CHUẨN (12 HẠT),Có,Có
M033D,M033,9,ĐẠT CHUẨN (9 HẠT),Có,Có
M033E,M033,10,ĐẠT CHUẨN (10 HẠT),Có,Có
M034A,M034,6,ĐẠT CHUẨN (6 HẠT),Có,Có
M034B,M034,10,ĐẠT CHUẨN (10 HẠT),Có,Có
M034C,M034,0,CHƯA CÓ ẢNH THÔ,Chưa,Chưa
M034D,M034,0,CHƯA CÓ ẢNH THÔ,Chưa,Chưa
M034E,M034,0,CHƯA CÓ ẢNH THÔ,Chưa,Chưa
M035A,M035,13,ĐẠT CHUẨN (13 HẠT),Có,Có
M035B,M035,10,ĐẠT CHUẨN (10 HẠT),Có,Có
M035C,M035,0,CHƯA CÓ ẢNH THÔ,Chưa,Chưa
M035D,M035,0,CHƯA CÓ ẢNH THÔ,Chưa,Chưa
M035E,M035,0,CHƯA CÓ ẢNH THÔ,Chưa,Chưa
M036A,M036,12,ĐẠT CHUẨN (12 HẠT),Có,Có
M036B,M036,10,ĐẠT CHUẨN (10 HẠT),Có,Có
M036C,M036,0,CHƯA CÓ ẢNH THÔ,Chưa,Chưa
M036D,M036,0,CHƯA CÓ ẢNH THÔ,Chưa,Chưa
M036E,M036,0,CHƯA CÓ ẢNH THÔ,Chưa,Chưa
M037A,M037,7,ĐẠT CHUẨN (7 HẠT),Có,Có
M037B,M037,9,ĐẠT CHUẨN (9 HẠT),Có,Có
M037C,M037,9,ĐẠT CHUẨN (9 HẠT),Có,Có
M037D,M037,13,ĐẠT CHUẨN (13 HẠT),Có,Có
M037E,M037,11,ĐẠT CHUẨN (11 HẠT),Có,Có
M038A,M038,10,ĐẠT CHUẨN (10 HẠT),Có,Có
M038B,M038,13,ĐẠT CHUẨN (13 HẠT),Có,Có
M038C,M038,10,ĐẠT CHUẨN (10 HẠT),Có,Có
M038D,M038,11,ĐẠT CHUẨN (11 HẠT),Có,Có
M038E,M038,7,ĐẠT CHUẨN (7 HẠT),Có,Có
M039A,M039,8,ĐẠT CHUẨN (8 HẠT),Có,Có
M039B,M039,0,CHƯA CÓ ẢNH THÔ,Chưa,Chưa
M039C,M039,0,CHƯA CÓ ẢNH THÔ,Chưa,Chưa
M039D,M039,0,CHƯA CÓ ẢNH THÔ,Chưa,Chưa
M039E,M039,0,CHƯA CÓ ẢNH THÔ,Chưa,Chưa
M040A,M040,11,ĐẠT CHUẨN (11 HẠT),Có,Có
M040B,M040,12,ĐẠT CHUẨN (12 HẠT),Có,Có
M040C,M040,14,ĐẠT CHUẨN (14 HẠT),Có,Có
M040D,M040,16,ĐẠT CHUẨN (16 HẠT),Có,Có
M040E,M040,11,ĐẠT CHUẨN (11 HẠT),Có,Có
M041A,M041,12,ĐẠT CHUẨN (12 HẠT),Có,Có
M041B,M041,9,ĐẠT CHUẨN (9 HẠT),Có,Có
M041C,M041,12,ĐẠT CHUẨN (12 HẠT),Có,Có
M041D,M041,13,ĐẠT CHUẨN (13 HẠT),Có,Có
M041E,M041,13,ĐẠT CHUẨN (13 HẠT),Có,Có
M042A,M042,10,ĐẠT CHUẨN (10 HẠT),Có,Có
M042B,M042,10,ĐẠT CHUẨN (10 HẠT),Có,Có
M042C,M042,10,ĐẠT CHUẨN (10 HẠT),Có,Có
M042D,M042,12,ĐẠT CHUẨN (12 HẠT),Có,Có
M042E,M042,0,CHƯA CÓ ẢNH THÔ,Chưa,Chưa
M043A,M043,13,ĐẠT CHUẨN (13 HẠT),Có,Có
M043B,M043,9,ĐẠT CHUẨN (9 HẠT),Có,Có
M043C,M043,12,ĐẠT CHUẨN (12 HẠT),Có,Có
M043D,M043,12,ĐẠT CHUẨN (12 HẠT),Có,Có
M043E,M043,16,ĐẠT CHUẨN (16 HẠT),Có,Có
M044A,M044,14,ĐẠT CHUẨN (14 HẠT),Có,Có
M044B,M044,9,ĐẠT CHUẨN (9 HẠT),Có,Có
M044C,M044,12,ĐẠT CHUẨN (12 HẠT),Có,Có
M044D,M044,13,ĐẠT CHUẨN (13 HẠT),Có,Có
M044E,M044,11,ĐẠT CHUẨN (11 HẠT),Có,Có
M045A,M045,11,ĐẠT CHUẨN (11 HẠT),Có,Có
M045B,M045,10,ĐẠT CHUẨN (10 HẠT),Có,Có
M045C,M045,11,ĐẠT CHUẨN (11 HẠT),Có,Có
M045D,M045,14,ĐẠT CHUẨN (14 HẠT),Có,Có
M045E,M045,13,ĐẠT CHUẨN (13 HẠT),Có,Có
M046A,M046,11,ĐẠT CHUẨN (11 HẠT),Có,Có
M046B,M046,9,ĐẠT CHUẨN (9 HẠT),Có,Có
M046C,M046,8,ĐẠT CHUẨN (8 HẠT),Có,Có
M046D,M046,14,ĐẠT CHUẨN (14 HẠT),Có,Có
M046E,M046,14,ĐẠT CHUẨN (14 HẠT),Có,Có
M047A,M047,13,ĐẠT CHUẨN (13 HẠT),Có,Có
M047B,M047,11,ĐẠT CHUẨN (11 HẠT),Có,Có
M047C,M047,6,ĐẠT CHUẨN (6 HẠT),Có,Có
M047D,M047,7,ĐẠT CHUẨN (7 HẠT),Có,Có
M047E,M047,14,ĐẠT CHUẨN (14 HẠT),Có,Có
M048A,M048,11,ĐẠT CHUẨN (11 HẠT),Có,Có
M048B,M048,10,ĐẠT CHUẨN (10 HẠT),Có,Có
M048C,M048,7,ĐẠT CHUẨN (7 HẠT),Có,Có
M048D,M048,12,ĐẠT CHUẨN (12 HẠT),Có,Có
M048E,M048,11,ĐẠT CHUẨN (11 HẠT),Có,Có
M049A,M049,14,ĐẠT CHUẨN (14 HẠT),Có,Có
M049B,M049,9,ĐẠT CHUẨN (9 HẠT),Có,Có
M049C,M049,11,ĐẠT CHUẨN (11 HẠT),Có,Có
M049D,M049,16,ĐẠT CHUẨN (16 HẠT),Có,Có
M049E,M049,9,ĐẠT CHUẨN (9 HẠT),Có,Có
M050A,M050,11,ĐẠT CHUẨN (11 HẠT),Có,Có
M050B,M050,11,ĐẠT CHUẨN (11 HẠT),Có,Có
M050C,M050,8,ĐẠT CHUẨN (8 HẠT),Có,Có
M050D,M050,12,ĐẠT CHUẨN (12 HẠT),Có,Có
M050E,M050,12,ĐẠT CHUẨN (12 HẠT),Có,Có
M051A,M051,12,ĐẠT CHUẨN (12 HẠT),Có,Có
M051B,M051,8,ĐẠT CHUẨN (8 HẠT),Có,Có
M051C,M051,10,ĐẠT CHUẨN (10 HẠT),Có,Có
M051D,M051,13,ĐẠT CHUẨN (13 HẠT),Có,Có
M051E,M051,14,ĐẠT CHUẨN (14 HẠT),Có,Có
M052A,M052,9,ĐẠT CHUẨN (9 HẠT),Có,Có
M052B,M052,13,ĐẠT CHUẨN (13 HẠT),Có,Có
M052C,M052,18,ĐẠT CHUẨN (18 HẠT),Có,Có
M052D,M052,18,ĐẠT CHUẨN (18 HẠT),Có,Có
M052E,M052,13,ĐẠT CHUẨN (13 HẠT),Có,Có
M053A,M053,11,ĐẠT CHUẨN (11 HẠT),Có,Có
M053B,M053,14,ĐẠT CHUẨN (14 HẠT),Có,Có
M053C,M053,13,ĐẠT CHUẨN (13 HẠT),Có,Có
M053D,M053,14,ĐẠT CHUẨN (14 HẠT),Có,Có
M053E,M053,15,ĐẠT CHUẨN (15 HẠT),Có,Có
M054A,M054,11,ĐẠT CHUẨN (11 HẠT),Có,Có
M054B,M054,16,ĐẠT CHUẨN (16 HẠT),Có,Có
M054C,M054,9,ĐẠT CHUẨN (9 HẠT),Có,Có
M054D,M054,10,ĐẠT CHUẨN (10 HẠT),Có,Có
M054E,M054,14,ĐẠT CHUẨN (14 HẠT),Có,Có
M055A,M055,10,ĐẠT CHUẨN (10 HẠT),Có,Có
M055B,M055,11,ĐẠT CHUẨN (11 HẠT),Có,Có
M055C,M055,10,ĐẠT CHUẨN (10 HẠT),Có,Có
M055D,M055,11,ĐẠT CHUẨN (11 HẠT),Có,Có
M055E,M055,12,ĐẠT CHUẨN (12 HẠT),Có,Có
M055F,M055,0,CHƯA BÓC TÁCH,Có,Chưa
M056A,M056,11,ĐẠT CHUẨN (11 HẠT),Có,Có
M056B,M056,13,ĐẠT CHUẨN (13 HẠT),Có,Có
M056C,M056,15,ĐẠT CHUẨN (15 HẠT),Có,Có
M056D,M056,18,ĐẠT CHUẨN (18 HẠT),Có,Có
M056E,M056,14,ĐẠT CHUẨN (14 HẠT),Có,Có
M056F,M056,0,CHƯA BÓC TÁCH,Có,Chưa
M057A,M057,11,ĐẠT CHUẨN (11 HẠT),Có,Có
M057B,M057,18,ĐẠT CHUẨN (18 HẠT),Có,Có
M057C,M057,14,ĐẠT CHUẨN (14 HẠT),Có,Có
M057D,M057,14,ĐẠT CHUẨN (14 HẠT),Có,Có
M057E,M057,14,ĐẠT CHUẨN (14 HẠT),Có,Có
