Mã_Mẫu,Số_Ảnh_Hiện_Có,Kỳ_Vọng,Tỷ_Lệ_Đạt_%,Trạng_Thái,Ảnh_Còn_Thiếu,Danh_Sách_File
M001,5,5,100.0,ĐỦ CHUẨN (5/5),Đã đủ,"M001A.jpg, M001B.jpg, M001C.jpg, M001D.jpg, M001E.jpg"
M002,5,5,100.0,ĐỦ CHUẨN (5/5),Đã đủ,"M002A.jpg, M002B.jpg, M002C.jpg, M002D.jpg, M002E.jpg"
M003,5,5,100.0,ĐỦ CHUẨN (5/5),Đã đủ,"M003A.jpg, M003B.jpg, M003C.jpg, M003D.jpg, M003E.jpg"
M004,5,5,100.0,ĐỦ CHUẨN (5/5),Đã đủ,"M004A.jpg, M004B.jpg, M004C.jpg, M004D.jpg, M004E.jpg"
M005,6,5,120.0,THỪA (6/5),Đã đủ,"M005A.jpg, M005B.jpg, M005C.jpg, M005D.jpg, M005E.jpg, M005F.jpg"
M006,6,5,120.0,THỪA (6/5),Đã đủ,"M006A.jpg, M006B.jpg, M006C.jpg, M006D.jpg, M006E.jpg, M006F.jpg"
M007,5,5,100.0,ĐỦ CHUẨN (5/5),Đã đủ,"M007A.jpg, M007B.jpg, M007C.jpg, M007D.jpg, M007E.jpg"
M008,5,5,100.0,ĐỦ CHUẨN (5/5),Đã đủ,"M008A.jpg, M008B.jpg, M008C.jpg, M008D.jpg, M008E.jpg"
M009,5,5,100.0,ĐỦ CHUẨN (5/5),Đã đủ,"M009A.jpg, M009B.jpg, M009C.jpg, M009D.jpg, M009E.jpg"
M010,5,5,100.0,ĐỦ CHUẨN (5/5),Đã đủ,"M010A.jpg, M010B.jpg, M010C.jpg, M010D.jpg, M010E.jpg"
M011,6,5,120.0,THỪA (6/5),Đã đủ,"M011A.jpg, M011B.jpg, M011C.jpg, M011D.jpg, M011E.jpg, M011F.jpg"
M012,5,5,100.0,ĐỦ CHUẨN (5/5),Đã đủ,"M012A.jpg, M012B.jpg, M012C.jpg, M012D.jpg, M012E.jpg"
M013,5,5,100.0,ĐỦ CHUẨN (5/5),Đã đủ,"M013A.jpg, M013B.jpg, M013C.jpg, M013D.jpg, M013E.jpg"
M014,5,5,100.0,ĐỦ CHUẨN (5/5),Đã đủ,"M014A.jpg, M014B.jpg, M014C.jpg, M014D.jpg, M014E.jpg"
M015,5,5,100.0,ĐỦ CHUẨN (5/5),Đã đủ,"M015A.jpg, M015B.jpg, M015C.jpg, M015D.jpg, M015E.jpg"
M016,5,5,100.0,ĐỦ CHUẨN (5/5),Đã đủ,"M016A.jpg, M016B.jpg, M016C.jpg, M016D.jpg, M016E.jpg"
M017,6,5,120.0,THỪA (6/5),Đã đủ,"M017A.jpg, M017B.jpg, M017C.jpg, M017D.jpg, M017E.jpg, M017F.jpg"
M018,5,5,100.0,ĐỦ CHUẨN (5/5),Đã đủ,"M018A.jpg, M018B.jpg, M018C.jpg, M018D.jpg, M018E.jpg"
M019,5,5,100.0,ĐỦ CHUẨN (5/5),Đã đủ,"M019A.jpg, M019B.jpg, M019C.jpg, M019D.jpg, M019E.jpg"
M020,5,5,100.0,ĐỦ CHUẨN (5/5),Đã đủ,"M020A.jpg, M020B.jpg, M020C.jpg, M020D.jpg, M020E.jpg"
M021,6,5,120.0,THỪA (6/5),Đã đủ,"M021A.jpg, M021B.jpg, M021C.jpg, M021D.jpg, M021E.jpg, M021F.jpg"
M022,5,5,100.0,ĐỦ CHUẨN (5/5),Đã đủ,"M022A.jpg, M022B.jpg, M022C.jpg, M022D.jpg, M022E.jpg"
M023,5,5,100.0,ĐỦ CHUẨN (5/5),Đã đủ,"M023A.jpg, M023B.jpg, M023C.jpg, M023D.jpg, M023E.jpg"
M024,5,5,100.0,ĐỦ CHUẨN (5/5),Đã đủ,"M024A.jpg, M024B.jpg, M024C.jpg, M024D.jpg, M024E.jpg"
M025,2,5,40.0,THIẾU (2/5),"C, D, E","M025A.jpg, M025B.jpg"
M026,2,5,40.0,THIẾU (2/5),"C, D, E","M026A.jpg, M026B.jpg"
M027,3,5,60.0,THIẾU (3/5),"D, E","M027A.jpg, M027B.jpg, M027C.jpg"
M028,5,5,100.0,ĐỦ CHUẨN (5/5),Đã đủ,"M028A.jpg, M028B.jpg, M028C.jpg, M028D.jpg, M028E.jpg"
M029,5,5,100.0,ĐỦ CHUẨN (5/5),Đã đủ,"M029A.jpg, M029B.jpg, M029C.jpg, M029D.jpg, M029E.jpg"
M030,2,5,40.0,THIẾU (2/5),"C, D, E","M030A.jpg, M030B.jpg"
M031,2,5,40.0,THIẾU (2/5),"C, D, E","M031A.jpg, M031B.jpg"
M032,2,5,40.0,THIẾU (2/5),"C, D, E","M032A.jpg, M032B.jpg"
M033,5,5,100.0,ĐỦ CHUẨN (5/5),Đã đủ,"M033A.jpg, M033B.jpg, M033C.jpg, M033D.jpg, M033E.jpg"
M034,2,5,40.0,THIẾU (2/5),"C, D, E","M034A.jpg, M034B.jpg"
M035,2,5,40.0,THIẾU (2/5),"C, D, E","M035A.jpg, M035B.jpg"
M036,2,5,40.0,THIẾU (2/5),"C, D, E","M036A.jpg, M036B.jpg"
M037,5,5,100.0,ĐỦ CHUẨN (5/5),Đã đủ,"M037A.jpg, M037B.jpg, M037C.jpg, M037D.jpg, M037E.jpg"
M038,5,5,100.0,ĐỦ CHUẨN (5/5),Đã đủ,"M038A.jpg, M038B.jpg, M038C.jpg, M038D.jpg, M038E.jpg"
M039,1,5,20.0,THIẾU (1/5),"B, C, D, E",M039A.jpg
M040,5,5,100.0,ĐỦ CHUẨN (5/5),Đã đủ,"M040A.jpg, M040B.jpg, M040C.jpg, M040D.jpg, M040E.jpg"
M041,5,5,100.0,ĐỦ CHUẨN (5/5),Đã đủ,"M041A.jpg, M041B.jpg, M041C.jpg, M041D.jpg, M041E.jpg"
M042,4,5,80.0,THIẾU (4/5),E,"M042A.jpg, M042B.jpg, M042C.jpg, M042D.jpg"
M043,5,5,100.0,ĐỦ CHUẨN (5/5),Đã đủ,"M043A.jpg, M043B.jpg, M043C.jpg, M043D.jpg, M043E.jpg"
M044,5,5,100.0,ĐỦ CHUẨN (5/5),Đã đủ,"M044A.jpg, M044B.jpg, M044C.jpg, M044D.jpg, M044E.jpg"
M045,5,5,100.0,ĐỦ CHUẨN (5/5),Đã đủ,"M045A.jpg, M045B.jpg, M045C.jpg, M045D.jpg, M045E.jpg"
M046,5,5,100.0,ĐỦ CHUẨN (5/5),Đã đủ,"M046A.jpg, M046B.jpg, M046C.jpg, M046D.jpg, M046E.jpg"
M047,5,5,100.0,ĐỦ CHUẨN (5/5),Đã đủ,"M047A.jpg, M047B.jpg, M047C.jpg, M047D.jpg, M047E.jpg"
M048,5,5,100.0,ĐỦ CHUẨN (5/5),Đã đủ,"M048A.jpg, M048B.jpg, M048C.jpg, M048D.jpg, M048E.jpg"
M049,5,5,100.0,ĐỦ CHUẨN (5/5),Đã đủ,"M049A.jpg, M049B.jpg, M049C.jpg, M049D.jpg, M049E.jpg"
M050,5,5,100.0,ĐỦ CHUẨN (5/5),Đã đủ,"M050A.jpg, M050B.jpg, M050C.jpg, M050D.jpg, M050E.jpg"
M051,5,5,100.0,ĐỦ CHUẨN (5/5),Đã đủ,"M051A.jpg, M051B.jpg, M051C.jpg, M051D.jpg, M051E.jpg"
M052,5,5,100.0,ĐỦ CHUẨN (5/5),Đã đủ,"M052A.jpg, M052B.jpg, M052C.jpg, M052D.jpg, M052E.jpg"
M053,5,5,100.0,ĐỦ CHUẨN (5/5),Đã đủ,"M053A.jpg, M053B.jpg, M053C.jpg, M053D.jpg, M053E.jpg"
M054,5,5,100.0,ĐỦ CHUẨN (5/5),Đã đủ,"M054A.jpg, M054B.jpg, M054C.jpg, M054D.jpg, M054E.jpg"
M055,6,5,120.0,THỪA (6/5),Đã đủ,"M055A.jpg, M055B.jpg, M055C.jpg, M055D.jpg, M055E.jpg, M055F.jpg"
M056,6,5,120.0,THỪA (6/5),Đã đủ,"M056A.jpg, M056B.jpg, M056C.jpg, M056D.jpg, M056E.jpg, M056F.jpg"
M057,5,5,100.0,ĐỦ CHUẨN (5/5),Đã đủ,"M057A.jpg, M057B.jpg, M057C.jpg, M057D.jpg, M057E.jpg"
